"","country","year","p","thr","avg","topavg"
"1","BRA","2000",0.9,10694.4422017127,11601.7575649351,39624.2768910302
"2","BRA","2000",0.99,67085.937434172,69505.1611118765,178753.841293275
"3","BRA","2000",0.999,192400.568998,198142.853580622,842465.82889416
"4","BRA","2000",0.9999,998180.378807143,5480078.76881517,5480078.76881517
"5","BRA","2002",0.9,13472.2,13822.7300000004,44305.376499992
"6","BRA","2002",0.99,81610.8900000001,83606.6299999985,190335.90499992
"7","BRA","2002",0.999,269244,280913.499999999,793626.639999199
"8","BRA","2002",0.9999,1071471,4057719.09999248,4057719.09999247
"9","BRA","2006",0.9,19628.3957457111,20310.6994864569,66023.9851790835
"10","BRA","2006",0.99,116720.964135526,120872.069058958,292494.980777806
"11","BRA","2006",0.999,482434.307941811,497245.604217576,1109602.51642937
"12","BRA","2006",0.9999,1787313.07806052,4025072.49922694,4025072.49922694
"13","BRA","2007",0.9,21161.2277216229,22461.7704274615,68940.296852745
"14","BRA","2007",0.99,100759.080995332,103302.443307024,319396.465585603
"15","BRA","2007",0.999,401364.540309157,404057.957583442,1471923.10991285
"16","BRA","2007",0.9999,2151115.76622033,7619148.86220966,7619148.86220966
"17","BRA","2008",0.9,23925.4192770911,25159.2071209679,87065.0042908899
"18","BRA","2008",0.99,145949.248863353,151106.29686999,410238.851650928
"19","BRA","2008",0.999,541250.379155937,560064.853955303,1933692.6787501
"20","BRA","2008",0.9999,2616863.17253808,10530503.1824797,10530503.1824797
"21","BRA","2009",0.9,25745.039198356,27226.749214876,91354.6881128631
"22","BRA","2009",0.99,157592.687120652,163044.704588101,414219.367207187
"23","BRA","2009",0.999,563254.374158932,581006.651030889,1828415.17166469
"24","BRA","2009",0.9999,2618030.10203746,9240610.25886754,9240610.25886754
"25","BRA","2010",0.9,29443.9938514234,30548.6735304659,102756.543545095
"26","BRA","2010",0.99,174230.244983101,180419.765250881,471975.686709675
"27","BRA","2010",0.999,626474.005104695,647893.709234115,2152772.4045282
"28","BRA","2010",0.9999,3069986.4335565,11120808.1038495,11120808.1038495
"29","BRA","2011",0.9,32640.2050385306,34169.3475960256,117072.538547389
"30","BRA","2011",0.99,194992.418563202,202095.91975196,548793.808516534
"31","BRA","2011",0.999,722639.388768785,750933.769760133,2601060.62227612
"32","BRA","2011",0.9999,3629243.11419586,13874691.4843297,13874691.4843297
"33","BRA","2012",0.9,36304.8144389642,38269.1254411558,124629.141292527
"34","BRA","2012",0.99,209697.198491407,216687.427824669,564913.780560921
"35","BRA","2012",0.999,786321.176782719,813580.907617031,2552596.22602516
"36","BRA","2012",0.9999,3760882.99850154,12671820.0633913,12671820.0633913
"37","BRA","2013",0.9,39633.207367856,41232.7637631664,133702.91959739
"38","BRA","2013",0.99,228139.554148689,235729.372329807,597341.182824925
"39","BRA","2013",0.999,850084.516468722,879611.072056238,2654081.14995893
"40","BRA","2013",0.9999,3963202.98901674,12895006.5067356,12895006.5067356
"41","BRA","2014",0.9,43901.7469229877,46012.0187244236,147011.453821285
"42","BRA","2014",0.99,246760.221836909,255289.537286484,664666.783420354
"43","BRA","2014",0.999,899781.743087995,929851.046983907,3088160.89317818
"44","BRA","2014",0.9999,4705146.28608461,15798826.8248923,15798826.8248923
"45","BRA","2015",0.9,46708.4134041129,48732.6578637225,157520.310213789
"46","BRA","2015",0.99,262842.157713781,272115.026727979,714873.727641373
"47","BRA","2015",0.999,971695.479687175,1004443.96711858,3323254.4409177
"48","BRA","2015",0.9999,5188871.14612963,16760851.1922157,16760851.1922157
"49","BRA","2016",0.9,49498.3776819699,51798.5070852166,164404.680707797
"50","BRA","2016",0.99,274554.369774341,284075.028218004,734512.715796896
"51","BRA","2016",0.999,1015361.46484292,1046053.46651954,3334644.48267476
"52","BRA","2016",0.9999,5166095.99939165,16587824.2582321,16587824.2582321
"53","BRA","2017",0.9,51858.1020978778,54384.011526842,172477.331794645
"54","BRA","2017",0.99,290198.851199268,300490.46829524,766049.783904111
"55","BRA","2017",0.999,1065279.13960008,1096933.51227082,3438934.60058633
"56","BRA","2017",0.9999,5318430.26996735,16924329.9863941,16924329.9863941
"57","BRA","2018",0.9,53990.0327004517,56539.7226259729,177591.534612703
"58","BRA","2018",0.99,296746.099692876,307245.438081718,785160.969671038
"59","BRA","2018",0.999,1078367.93573167,1110573.68444288,3575496.16493765
"60","BRA","2018",0.9999,5535063.13868435,17855064.1359505,17855064.1359504
"61","BRA","2019",0.9,54802.9984239652,58062.5821443096,189817.458567776
"62","BRA","2019",0.99,308371.084362715,319145.065597055,870308.54206338
"63","BRA","2019",0.999,1122225.85901507,1155161.85210399,4246757.25578384
"64","BRA","2019",0.9999,5783298.55288731,23874084.9788757,23874084.9788757
"65","BRA","2020",0.9,56498.9159949663,59445.1627646317,190815.788157295
"66","BRA","2020",0.99,313424.165547208,323867.333127727,856833.197522934
"67","BRA","2020",0.999,1175426.91663907,1212485.29473402,4015701.47678841
"68","BRA","2020",0.9999,6278503.20345276,20135385.2972818,20135385.2972818
"69","BRA","2021",0.9,62169.6308778562,63493.1410294753,230177.995103537
"70","BRA","2021",0.99,380614.241583917,380728.577640257,1129294.69019505
"71","BRA","2021",0.999,1707493.31718225,1780525.61525679,5860255.83406324
"72","BRA","2021",0.9999,7913036.89602125,32055330.0899154,32055330.0899154
"73","BRA","2022",0.9,73132.1760995563,76509.5709349521,253331.85406594
"74","BRA","2022",0.99,403639.543825192,417629.964036255,1196367.06376869
"75","BRA","2022",0.999,1718253.91092281,1790276.7078316,5851047.76322011
"76","BRA","2022",0.9999,9408302.67930857,28391023.6626561,28391023.6626561
"77","BRA","2023",0.9,80049.9421502108,83636.2876787078,302377.780789407
"78","BRA","2023",0.99,437275.475215611,452482.26538773,1567471.26314394
"79","BRA","2023",0.999,1895690.30072942,1978452.09093353,9024963.24025659
"80","BRA","2023",0.9999,11776714.0453975,55577639.0599838,55577639.0599838
"81","CHL","2005",0.9,5203289.17111208,5504820.91524269,13941577.0022462
"82","CHL","2005",0.99,25682107.1276002,25964666.7783132,46183684.409169
"83","CHL","2005",0.999,63277140.6447573,64813468.8620347,123375096.355868
"84","CHL","2005",0.9999,191956082.196349,388626442.001969,388626442.001968
"85","CHL","2006",0.9,5632233.37238405,5966647.64002494,14899192.4314536
"86","CHL","2006",0.99,26668122.1383084,28480967.5769144,49128049.4550211
"87","CHL","2006",0.999,66735745.3004597,68346834.9767582,129577908.436589
"88","CHL","2006",0.9999,201421042.43372,406402342.755678,406402342.755677
"89","CHL","2007",0.9,6411972.18975557,6783309.75781927,16484850.1948743
"90","CHL","2007",0.99,29899764.115183,32629104.3500853,53856036.0588206
"91","CHL","2007",0.999,73788011.0956452,75578813.1656668,143205780.7865
"92","CHL","2007",0.9999,222878344.877159,447699357.965306,447699357.965305
"93","CHL","2008",0.9,7114947.47900706,7521615.25171363,18120314.0883382
"94","CHL","2008",0.99,31401773.2721405,33243388.5952588,59170559.175333
"95","CHL","2008",0.999,81370575.0452182,83359984.7447883,159941627.165269
"96","CHL","2008",0.9999,249052361.229451,508977819.305504,508977819.305504
"97","CHL","2009",0.9,7436431.86054116,7844560.32756654,18491191.8672996
"98","CHL","2009",0.99,35635044.1771032,38119244.5492992,59860506.6328313
"99","CHL","2009",0.999,82355189.7366616,84333924.534296,156234221.075622
"100","CHL","2009",0.9999,242960990.162055,471959828.44454,471959828.44454
"101","CHL","2010",0.9,8278257.01423811,8688825.40699326,19903309.8713768
"102","CHL","2010",0.99,38792337.5393291,39094301.0410632,63532323.2905023
"103","CHL","2010",0.999,87926803.5625474,90040878.8285322,169888948.484336
"104","CHL","2010",0.9999,263949562.226319,529446566.973093,529446566.973094
"105","CHL","2011",0.9,9158940.20275202,9564488.8806589,21716493.0054014
"106","CHL","2011",0.99,40602803.1536276,40914266.7335384,69475714.1887049
"107","CHL","2011",0.999,97783570.6019569,100213741.089686,193940069.737019
"108","CHL","2011",0.9999,302864048.047522,621627251.734066,621627251.734067
"109","CHL","2012",0.9,10003965.6243358,10382889.6736623,23608835.1771988
"110","CHL","2012",0.99,42602001.8495385,42952757.8428405,75451131.6363352
"111","CHL","2012",0.999,105246674.515541,107767970.964138,208114709.335979
"112","CHL","2012",0.9999,322267435.718439,675034633.081973,675034633.081972
"113","CHL","2013",0.9,10840935.2086106,11183935.4985685,25146054.0798144
"114","CHL","2013",0.99,43675248.1527728,44466963.6150912,79695357.5014032
"115","CHL","2013",0.999,113947877.247722,116767565.212097,223059838.089061
"116","CHL","2013",0.9999,348425801.561629,701101431.469017,701101431.469015
"117","CHL","2014",0.9,11542732.1944655,11900492.5170542,27262677.9263085
"118","CHL","2014",0.99,46641065.9921201,50424416.0820553,88373453.5655648
"119","CHL","2014",0.999,128589480.874309,131800912.226575,251420665.334171
"120","CHL","2014",0.9999,393565533.886002,785271323.246101,785271323.246102
"121","CHL","2015",0.9,12184325.5307999,12547384.7332155,29048790.0335194
"122","CHL","2015",0.99,50915789.1134816,55048486.6975514,95935611.7549029
"123","CHL","2015",0.999,139555829.634288,143134606.045235,283266815.660129
"124","CHL","2015",0.9999,444477941.009348,928792302.076675,928792302.076674
"125","CHL","2016",0.9,12585214.1542806,12950881.0111998,29883657.8449687
"126","CHL","2016",0.99,53210227.2968878,57390251.056171,98320260.3369594
"127","CHL","2016",0.999,143542964.067449,147189776.225494,286389015.548116
"128","CHL","2016",0.9999,449259707.283189,917431396.531747,917431396.531746
"129","CHL","2017",0.9,13040986.2716842,13401487.6545743,31685775.1718494
"130","CHL","2017",0.99,54800534.8243535,60741545.9960507,110863030.692876
"131","CHL","2017",0.999,174646244.782816,179370890.286948,353040704.890918
"132","CHL","2017",0.9999,561087864.186333,1121461691.88713,1121461691.88713
"133","CHL","2018",0.9,13628370.2472281,13990083.3275434,33015620.2141703
"134","CHL","2018",0.99,61360884.9714573,64269685.9721206,115064814.803475
"135","CHL","2018",0.999,179524943.898463,184465080.52252,375003941.370759
"136","CHL","2018",0.9999,596431880.002739,1244485964.56359,1244485964.56359
"137","CHL","2019",0.9,14178375.3267145,14539783.6054007,34434954.5488371
"138","CHL","2019",0.99,61981987.2392585,65482549.3990213,122610180.087522
"139","CHL","2019",0.999,191768990.720762,197263467.064091,420201029.723937
"140","CHL","2019",0.9999,670357582.041831,1469772604.75898,1469772604.75898
"141","CHL","2020",0.9,13950381.2772445,14341591.5141105,31775919.4711272
"142","CHL","2020",0.99,54450887.5006162,54540279.1735578,103956781.149067
"143","CHL","2020",0.999,169312456.887742,170412903.858751,296942634.870413
"144","CHL","2020",0.9999,457173072.05499,967174459.217501,967174459.217499
"145","CHL","2021",0.9,15483055.7904763,15826813.2360506,37042799.4497502
"146","CHL","2021",0.99,65923958.2426373,70236191.2230645,124756793.143328
"147","CHL","2021",0.999,186664124.506848,188938316.620992,380966124.025942
"148","CHL","2021",0.9999,577841051.240054,1453407659.53362,1453407659.53363
"149","CHL","2022",0.9,17674857.4257564,18097105.8770927,40271477.31999
"150","CHL","2022",0.99,65656576.2785775,68213907.6655718,133872424.706123
"151","CHL","2022",0.999,207704436.774822,208650814.935447,392260161.590755
"152","CHL","2022",0.9999,613336968.401955,1333701618.2495,1333701618.2495
"153","CHL","2023",0.9,18944878.3524773,19368601.6062717,43298034.1794454
"154","CHL","2023",0.99,71879727.5073592,77836221.6789358,141702799.37601
"155","CHL","2023",0.999,220744701.341818,223384980.888435,400641741.519089
"156","CHL","2023",0.9999,623927546.507521,1291737659.97317,1291737659.97316
"157","DOM","2012",0.9,168039.036946007,176905.385368867,613362.207286745
"158","DOM","2012",0.99,841864.003463999,870251.498135065,3135880.16987981
"159","DOM","2012",0.999,4419406.30795967,4599777.15373653,18024886.7558386
"160","DOM","2012",0.9999,28939119.591247,96868397.9503182,96868397.9503182
"161","DOM","2013",0.9,182444.219255945,191047.02620319,697310.911759895
"162","DOM","2013",0.99,884144.134493372,912039.659383993,3735945.83459981
"163","DOM","2013",0.999,4663862.57541058,4871418.57338419,23465475.3939424
"164","DOM","2013",0.9999,30973875.720541,145814396.632725,145814396.632725
"165","DOM","2014",0.9,202329.037723541,212498.903117725,755197.243642516
"166","DOM","2014",0.99,997015.151111072,1030025.34110554,3934563.79147565
"167","DOM","2014",0.999,5091240.82689446,5319548.18152946,23261390.9232255
"168","DOM","2014",0.9999,35146968.0853486,132417523.879732,132417523.879732
"169","DOM","2015",0.9,224397.985723694,235741.026566749,825762.84060927
"170","DOM","2015",0.99,1065180.57189912,1097995.17472059,4328201.03817327
"171","DOM","2015",0.999,5367661.85734604,5599618.77922636,26196503.0677993
"172","DOM","2015",0.9999,35500054.5890326,159987739.523444,159987739.523445
"173","DOM","2016",0.9,243674.428576961,255264.672012783,791856.219082235
"174","DOM","2016",0.99,1127786.34593232,1163142.3098492,3681997.30243234
"175","DOM","2016",0.999,5477570.82928365,5711326.47815641,18920598.3719273
"176","DOM","2016",0.9999,31931433.963028,88994890.7996852,88994890.7996852
"177","DOM","2017",0.9,258191.784204581,270778.578149958,730073.970057196
"178","DOM","2017",0.99,1114881.29187085,1150007.62267456,2984606.89929236
"179","DOM","2017",0.999,4194078.76306916,4332809.7199408,13441976.454389
"180","DOM","2017",0.9999,19051635.7560857,68704009.3893865,68704009.3893865
"181","DOM","2018",0.9,283310.844321516,296836.903167443,852993.991739935
"182","DOM","2018",0.99,1208666.36986817,1246415.52564415,3722901.28463294
"183","DOM","2018",0.999,4439799.84379506,4585968.16430944,19659614.9541033
"184","DOM","2018",0.9999,20622560.6606874,127563165.736861,127563165.736861
"185","DOM","2019",0.9,301267.089415718,315328.375003038,943506.120405307
"186","DOM","2019",0.99,1276600.21497912,1315266.18209154,4390867.1057152
"187","DOM","2019",0.999,4764327.15585886,4909847.96579101,25211180.5391757
"188","DOM","2019",0.9999,22168793.258717,178181858.432349,178181858.432349
"189","DOM","2020",0.9,282342.75183886,295200.337647276,774417.761119733
"190","DOM","2020",0.99,1242784.16412474,1282158.31881009,3186920.76885744
"191","DOM","2020",0.999,4717820.9388412,4862992.48957222,13459176.7824815
"192","DOM","2020",0.9999,20329946.1137169,61869032.593431,61869032.593431
"193","PER","2016",0.9,21030.9046401666,21289.2474457828,64273.5159663027
"194","PER","2016",0.99,105187.584812846,106849.902421763,280722.652658136
"195","PER","2016",0.999,427311.654142874,436837.855486424,1171985.25287538
"196","PER","2016",0.9999,1855648.25551222,5157597.60472961,5157597.60472961
"197","PER","2017",0.9,21586.2345387464,21774.2391681018,69733.1480608541
"198","PER","2017",0.99,121942.951858364,125480.806521452,297738.657116694
"199","PER","2017",0.999,444561.549647411,461469.314207325,1220010.9705191
"200","PER","2017",0.9999,1815445.46077136,5403111.6275563,5403111.62755631
"201","PER","2018",0.9,22941.2354102124,24220.0771857604,75262.2818006314
"202","PER","2018",0.99,126381.403765628,130083.707843237,329346.792373173
"203","PER","2018",0.999,466680.165932956,483253.854014638,1453998.1746745
"204","PER","2018",0.9999,1977217.52138089,7453331.93981563,7453331.93981563
"205","SLV","2000",0.9,0,0,8559.82851029345
"206","SLV","2000",0.99,10675.6528865919,11617.4799134581,80844.0812763981
"207","SLV","2000",0.999,138586.17125873,145206.447052391,494264.049151902
"208","SLV","2000",0.9999,1003164.99412953,2086083.7872083,2086083.7872083
"209","SLV","2001",0.9,0,0,8992.47140649154
"210","SLV","2001",0.99,11719.3824565468,12656.911381073,83690.1939136591
"211","SLV","2001",0.999,146738.203978716,154408.178237722,510134.856721922
"212","SLV","2001",0.9999,990405.537647684,2088676.04727566,2088676.04727566
"213","SLV","2002",0.9,0,0,9963.53679215332
"214","SLV","2002",0.99,13562.8610657838,14514.5307405993,90401.4827072474
"215","SLV","2002",0.999,159822.44344234,168677.415401063,544994.971300595
"216","SLV","2002",0.9999,1101894.04780691,2161197.91997099,2161197.91997099
"217","SLV","2003",0.9,0,0,10783.3125541553
"218","SLV","2003",0.99,14950.2394848919,15955.5129845053,95982.6308673301
"219","SLV","2003",0.999,168853.510725759,177395.348926781,577000.380203062
"220","SLV","2003",0.9999,1211797.75705614,2311879.60699052,2311879.60699052
"221","SLV","2004",0.9,0,0,11881.4026237253
"222","SLV","2004",0.99,16028.6379824649,17072.6732821973,104443.481666535
"223","SLV","2004",0.999,184402.468218658,193953.826504785,637842.721783295
"224","SLV","2004",0.9999,1255103.02410267,2659902.56692045,2659902.56692045
"225","SLV","2005",0.9,0,0,12542.3894387927
"226","SLV","2005",0.99,17896.9665067275,18975.7801143846,106216.71662988
"227","SLV","2005",0.999,176804.057116864,185655.855772555,639800.3947802
"228","SLV","2005",0.9999,1248639.53450469,2803947.22690217,2803947.22690217
"229","SLV","2006",0.9,0,0,14173.4542147863
"230","SLV","2006",0.99,19405.8686171594,20557.8664027256,119309.685051892
"231","SLV","2006",0.999,195527.97059066,205230.043492938,733138.014393303
"232","SLV","2006",0.9999,1349910.88379927,3443556.37248391,3443556.37248391
"233","SLV","2007",0.9,0,0,14672.7114615891
"234","SLV","2007",0.99,20144.1422298307,21314.6723184936,121905.254815975
"235","SLV","2007",0.999,201467.763019616,211372.719025768,745120.893203699
"236","SLV","2007",0.9999,1380659.55367265,3439126.05332622,3439126.05332622
"237","SLV","2009",0.9,0,0,14128.1843653243
"238","SLV","2009",0.99,19411.8765365177,20517.8360581669,115244.375336882
"239","SLV","2009",0.999,186621.898446282,196252.521688934,708139.869364025
"240","SLV","2009",0.9999,1385928.32775909,3256572.71671698,3256572.71671698
"241","SLV","2010",0.9,0,0,14996.0950454182
"242","SLV","2010",0.99,20538.6749014498,21686.1240600794,121366.198452654
"243","SLV","2010",0.999,189727.140657461,198919.484484225,751587.927048748
"244","SLV","2010",0.9999,1406300.57831106,3620067.22127825,3620067.22127825
"245","SLV","2012",0.9,0,0,16985.9485113295
"246","SLV","2012",0.99,21927.8617886648,23170.5458875229,142404.192497221
"247","SLV","2012",0.999,206221.794057441,216777.313825575,922827.114201816
"248","SLV","2012",0.9999,1623196.1195512,4934374.17943281,4934374.17943281
"249","SLV","2013",0.9,0,0,16438.5735335691
"250","SLV","2013",0.99,22185.2095814092,23422.9070001633,136223.204957211
"251","SLV","2013",0.999,207490.792534127,217530.078480226,858437.450743498
"252","SLV","2013",0.9999,1566102.63442529,4383848.63200656,4383848.63200656
"253","SLV","2014",0.9,0,0,16165.4565471554
"254","SLV","2014",0.99,21940.0931541548,23162.8057359594,132658.88567354
"255","SLV","2014",0.999,203410.949021659,213096.683299002,834234.933707419
"256","SLV","2014",0.9999,1562186.28973125,4260291.84291536,4260291.84291536
"257","SLV","2015",0.9,0,0,15766.3477019129
"258","SLV","2015",0.99,22281.3673972547,23519.4722491197,127649.289733953
"259","SLV","2015",0.999,200713.611992553,210583.17908594,780299.346035329
"260","SLV","2015",0.9999,1468089.77997979,3827968.1909854,3827968.1909854
"261","SLV","2016",0.9,0,0,15835.8709536172
"262","SLV","2016",0.99,22483.0956954774,23732.5919383069,127439.038959916
"263","SLV","2016",0.999,200662.406466993,210587.46138833,773377.444047245
"264","SLV","2016",0.9999,1412324.60917814,3778626.23743509,3778626.23743509
"265","SLV","2017",0.9,0,0,16186.1707036119
"266","SLV","2017",0.99,22828.9052624391,24088.362245061,129768.141464645
"267","SLV","2017",0.999,202301.992170468,211907.465183678,788028.733170561
"268","SLV","2017",0.9999,1381710.54614746,3928418.48220269,3928418.48220269
"269","URY","2009",0.9,250457.940814293,257932.161003063,502232.399481553
"270","URY","2009",0.99,760307.424324355,777548.161235952,1577080.53565121
"271","URY","2009",0.999,2323258.02806725,2379699.90589143,5735197.80633092
"272","URY","2009",0.9999,8084089.17682832,24782808.6059782,24782808.6059782
"273","URY","2010",0.9,290253.694334981,298340.524787425,574705.201052706
"274","URY","2010",0.99,876124.928619264,894189.40056949,1779290.63221961
"275","URY","2010",0.999,2639613.81544021,2708621.73616912,6302618.11772366
"276","URY","2010",0.9999,8513206.18361466,26358575.8600493,26358575.8600493
"277","URY","2011",0.9,324562.040118909,333180.468673527,655114.878638559
"278","URY","2011",0.99,972619.036904499,994645.153458603,2153395.30103316
"279","URY","2011",0.999,3060562.64875775,3146177.36267541,8475281.2253909
"280","URY","2011",0.9999,11187959.4728876,41381654.9491975,41381654.9491975
"281","URY","2012",0.9,378549.049919815,389151.510685138,766253.725886821
"282","URY","2012",0.99,1155361.92195352,1180751.39342087,2465764.07645382
"283","URY","2012",0.999,3499786.01657806,3595636.36773336,9368967.59933398
"284","URY","2012",0.9999,12705471.0754171,44200692.7428059,44200692.7428058
"285","URY","2013",0.9,427641.334616225,438620.980535723,856957.979815747
"286","URY","2013",0.99,1251470.61760229,1279883.78073813,2837765.27890607
"287","URY","2013",0.999,3937537.75530052,4063660.35682401,11649403.8045609
"288","URY","2013",0.9999,15197503.1781084,59715174.7296256,59715174.7296255
"289","URY","2014",0.9,486139.120430877,497162.117880826,980918.438084268
"290","URY","2014",0.99,1439169.52730211,1472635.25949374,3269538.06614753
"291","URY","2014",0.999,4759359.28514159,4894280.74034492,12948289.3416198
"292","URY","2014",0.9999,19481755.4652458,59081758.884302,59081758.884302
"293","URY","2015",0.9,541230.935084718,552781.115361658,1110074.66901311
"294","URY","2015",0.99,1609449.42524889,1648589.10211397,3842606.41160635
"295","URY","2015",0.999,5514647.86126788,5693023.50081089,16086100.0020192
"296","URY","2015",0.9999,23335209.784781,77061650.1053541,77061650.1053542
"297","URY","2016",0.9,606348.803949376,616894.20837649,1281431.47283031
"298","URY","2016",0.99,1835608.25954164,1884627.79520273,4653249.57464821
"299","URY","2016",0.999,7115240.93428565,7331500.52462306,19802724.7671813
"300","URY","2016",0.9999,33517815.8077921,87415688.981685,87415688.9816849
"301","COL","2014",0.9,0,0,53525345.8994734
"302","COL","2014",0.99,133312788.32407,137822799.547801,288115229.931301
"303","COL","2014",0.999,496518704.892265,498359165.224253,874014735.02285
"304","COL","2014",0.9999,1642063285.94416,1679235887.23459,1679235887.23459
"305","COL","2015",0.9,3.72529029846192e-09,0,60702465.9485698
"306","COL","2015",0.99,140603781.856096,144710036.495743,315826819.758555
"307","COL","2015",0.999,506433444.091029,520849243.936411,1079358588.14048
"308","COL","2015",0.9999,2137155392.5338,3479195498.84632,3479195498.84632
"309","COL","2016",0.9,0,0,64823905.1184771
"310","COL","2016",0.99,148308611.992378,152793128.897977,308252557.395544
"311","COL","2016",0.999,529574603.568877,545977694.206542,905696667.764787
"312","COL","2016",0.9999,1655719946.5526,1745283118.79799,1745283118.79799
"313","COL","2017",0.9,856474.434071866,3657405.45075934,117901224.103662
"314","COL","2017",0.99,202182113.136481,208666198.476239,594241765.718231
"315","COL","2017",0.999,795420852.415579,804046492.948845,2667833446.79599
"316","COL","2017",0.9999,11890186514.342,11890186514.342,11890186514.342
"317","COL","2018",0.9,0,543.32118614968,104615456.369277
"318","COL","2018",0.99,209873975.520182,216776069.317626,425040189.941038
"319","COL","2018",0.999,805219845.13448,811746262.678687,858574745.334407
"320","COL","2018",0.9999,891542032.95232,893279093.057206,893279093.057211
"321","COL","2019",0.9,11595022.9584833,21647279.6881118,112944030.727905
"322","COL","2019",0.99,221380083.83083,228311541.799182,436924133.665345
"323","COL","2019",0.999,810460506.56991,817762595.38591,875596620.975558
"324","COL","2019",0.9999,920817511.440954,924378462.811478,924378462.811476
"325","COL","2020",0.9,23235488.8411263,30221914.3218365,113311477.879572
"326","COL","2020",0.99,214217600.781507,220947141.125236,423718374.762997
"327","COL","2020",0.999,797960014.872024,804935562.353914,857689915.880497
"328","COL","2020",0.9999,896983644.401616,899561472.33244,899561472.332442
"329","COL","2021",0.9,38264316.4982381,42950855.9590603,133301381.785987
"330","COL","2021",0.99,256128124.327504,264121346.58059,496997447.952909
"331","COL","2021",0.999,923181637.877882,929653268.39873,972108899.718825
"332","COL","2021",0.9999,999209095.29917,1000163043.99242,1000163043.99242
"333","COL","2022",0.9,53605291.8970138,56554069.3312365,161664662.830211
"334","COL","2022",0.99,296777551.807949,304773391.152899,641573460.60289
"335","COL","2022",0.999,1536902386.97481,1600633411.17299,1648448420.99476
"336","COL","2022",0.9999,1653761200.23661,1653761200.23661,1653761200.23661
"337","COL","2023",0.9,61323240.0252348,64273446.3978807,165512294.362277
"338","COL","2023",0.99,300334014.157228,308572181.991667,602567016.217908
"339","COL","2023",0.999,1161265238.11897,1181340630.80212,1441966359.01559
"340","COL","2023",0.9999,1752406407.01805,1863839978.66369,1863839978.66369
"341","ARG","ults",0.99,25298.150390625,25972.791015625,46714.546875
"342","ARG","ults",0.999,75673.078125,77418.203125,124616.2734375
"343","ARG","ults",0.9999,206787,207799.578125,278067.5
"344","ARG","ults",0.99,26186.76953125,26921.876953125,49295.82421875
"345","ARG","ults",0.999,79645.171875,81440.515625,134021.171875
"346","ARG","ults",0.9999,219429.09375,220390.234375,306470
"347","ARG","ults",0.99,27357.990234375,28106.826171875,51861.9921875
"348","ARG","ults",0.999,83850.8984375,85776.7578125,142238.71875
"349","ARG","ults",0.9999,222341.8125,228704.109375,327190.65625
"350","ARG","ults",0.99,27587.59375,28386.154296875,53681.07421875
"351","ARG","ults",0.999,87576.1015625,89880.125,152740.375
"352","ARG","ults",0.9999,246920.0625,248277.109375,372732.5
"353","ARG","ults",0.99,27314,28077.53125,54159.64453125
"354","ARG","ults",0.999,88891.609375,91114.1015625,157110.78125
"355","ARG","ults",0.9999,247896.71875,250003.390625,409432.875
"356","ARG","ults",0.99,27045.740234375,27892.8671875,54107.03515625
"357","ARG","ults",0.999,89528.7109375,91517.7734375,155635.296875
"358","ARG","ults",0.9999,253163.65625,261133.40625,386859.03125
"359","ARG","ults",0.99,26599.75,27414.166015625,58114.5
"360","ARG","ults",0.999,97538.2421875,100572.3671875,191823.125
"361","ARG","ults",0.9999,337931.4375,346308.75,560578.875
"362","ARG","ults",0.99,29324.150390625,30195.435546875,62483.46484375
"363","ARG","ults",0.999,103040.359375,106474.140625,204625.96875
"364","ARG","ults",0.9999,343573.375,351652.40625,574422
"365","ARG","ults",0.99,34203.62109375,35163.65625,69614.046875
"366","ARG","ults",0.999,112358.6796875,115502.5078125,222246.65625
"367","ARG","ults",0.9999,384919.59375,387933.5,634854.9375
"368","ARG","ults",0.99,40925.55078125,41930.3828125,79825.2890625
"369","ARG","ults",0.999,128618.8359375,132327.859375,244105.046875
"370","ARG","ults",0.9999,409602.25,415432.34375,654094.5625
"371","ARG","ults",0.99,50732.33984375,51996.86328125,94670.828125
"372","ARG","ults",0.999,151864.359375,156539.9375,276174.71875
"373","ARG","ults",0.9999,451111.96875,465235.9375,686632
"374","ARG","ults",0.99,63184.82421875,64638.9765625,116056.9140625
"375","ARG","ults",0.999,190439.75,195311.078125,333033.875
"376","ARG","ults",0.9999,530213.3125,540261.6875,828055.9375
"377","ARG","ults",0.99,84026.8125,86023.3984375,150410.1875
"378","ARG","ults",0.999,244349,249854.46875,414362.25
"379","ARG","ults",0.9999,677138.5625,685141.1875,943202.8125
"380","ARG","ults",0.99,100558.9609375,102706.2578125,177078.84375
"381","ARG","ults",0.999,281338.71875,288751.03125,484464.4375
"382","ARG","ults",0.9999,778123.125,797211.6875,1128056.875
"383","ARG","ults",0.99,127325.4609375,130021.7109375,221032.5
"384","ARG","ults",0.999,344264.3125,351689.1875,597814.5
"385","ARG","ults",0.9999,972937.4375,990023.8125,1497651.375
"386","ARG","ults",0.99,168270.5625,172206.703125,295806.1875
"387","ARG","ults",0.999,451963.40625,461359.09375,819922.5
"388","ARG","ults",0.9999,1162283.125,1186347.625,2395058.5
"389","ARG","ults",0.99,214938.953125,219584.09375,364642.0625
"390","ARG","ults",0.999,556885.5,570434.75,947030.125
"391","ARG","ults",0.9999,1518713,1546668.5,2312381.75
"392","ARG","ults",0.99,273181.5625,278895.75,466874.6875
"393","ARG","ults",0.999,704875.0625,717957.8125,1243625.875
"394","ARG","ults",0.9999,1888731.25,1915487.875,3159356
"395","ARG","ults",0.99,356972.21875,364835.9375,616242.5
"396","ARG","ults",0.999,925160.6875,946565.0625,1637038.375
"397","ARG","ults",0.9999,2627217.5,2675820,4230610
"398","ARG","ults",0.99,475365.84375,486783.125,820254.5625
"399","ARG","ults",0.999,1234054.5,1264125.875,2169102.5
"400","ARG","ults",0.9999,3190745.75,3223475.5,5873166
"401","CRI","2010",0.99,1e+07,10722327,50934524
"402","CRI","2010",0.999,102440072,106407744,250188896
"403","CRI","2010",0.9999,449530304,463827360,849140608
"404","CRI","2011",0.99,11381596,12160343,56199792
"405","CRI","2011",0.999,110450512,115112248,275849664
"406","CRI","2011",0.9999,467409984,481670272,995933440
"407","CRI","2012",0.99,12554216,13424640,58705520
"408","CRI","2012",0.999,117282376,121758328,279083680
"409","CRI","2012",0.9999,491926944,505645568,950887488
"410","CRI","2013",0.99,13480000,14386082,64024224
"411","CRI","2013",0.999,126650848,131784520,308041984
"412","CRI","2013",0.9999,525822208,540535040,1093755648
"413","CRI","2014",0.99,15291200,16273959,69995152
"414","CRI","2014",0.999,138596912,143702272,331479040
"415","CRI","2014",0.9999,559635904,575364096,1144678272
"416","CRI","2015",0.99,16033167,17080986,73289480
"417","CRI","2015",0.999,143460448,149332032,348918368
"418","CRI","2015",0.9999,595235712,609221248,1233275904
"419","CRI","2016",0.99,17924006,19001588,80287320
"420","CRI","2016",0.999,156626336,162637472,379096416
"421","CRI","2016",0.9999,622191488,642251328,1355539456
"422","MEX","2009",0.99,467466,485583.40625,1498368.5
"423","MEX","2009",0.999,2242826.5,2326312,7332971
"424","MEX","2009",0.9999,12057506,12517297,35424616
"425","MEX","2010",0.99,488251,506643.8125,1551484.375
"426","MEX","2010",0.999,2255903.5,2342071.25,7660661
"427","MEX","2010",0.9999,12452984,12973899,38118560
"428","MEX","2011",0.99,531862,551676.75,1740466.875
"429","MEX","2011",0.999,2405369.5,2495026.75,8953270
"430","MEX","2011",0.9999,13519742,14049006,48244308
"431","MEX","2012",0.99,577373,598339.5625,1843552.75
"432","MEX","2012",0.999,2584499,2684170.25,9352564
"433","MEX","2012",0.9999,14955662,15520114,48487936
"434","MEX","2013",0.99,650326,673949.625,2433458.25
"435","MEX","2013",0.999,3044915,3169004.75,14017698
"436","MEX","2013",0.9999,19513100,20331044,84490960
"437","MEX","2014",0.99,684287,709015.875,2137875
"438","MEX","2014",0.999,3256828,3385724,10413099
"439","MEX","2014",0.9999,17575308,18245088,47941452
