"","country","year","adpop_bfm","average_income_bfm","bfm_totinc"
"1","ARG",2000,23834040,5654.02734375,134758313872.031
"2","ARG",2001,24116618,5286.58447265625,127494538251.782
"3","ARG",2002,24462036,4628.91650390625,113232722159.549
"4","ARG",2003,25006992,6385.10498046875,159672269165.742
"5","ARG",2004,25477896,7472.232421875,190376760532.359
"6","ARG",2005,25789574,9664.328125,249238905339.969
"7","ARG",2006,26055716,11609.763671875,302500705061.492
"8","ARG",2007,26444016,15502.93359375,409959824000.062
"9","ARG",2008,26799932,20916.9609375,560573130771.656
"10","ARG",2009,27211392,25256.22265625,687256975138.5
"11","ARG",2010,27782368,31416.28125,872818686879
"12","ARG",2011,28119276,42135.890625,1184830737990.19
"13","ARG",2012,28535948,53295.22265625,1520829702367.17
"14","ARG",2013,28652708,67467.4921875,1933126353140.72
"15","ARG",2014,28536038,92078.375,2627552007978.25
"16","ARG",2016,30540776,118318.046875,3613524966366.88
"17","ARG",2017,30946430,153176.9375,4740279373958.12
"18","ARG",2018,31115888,171514.84375,5336836668462.5
"19","ARG",2019,31596580,253986.359375,8025100322900.94
"20","ARG",2020,30877372,302190.5,9330848483366
"21","ARG",2021,31230488,494174.75,15433318599778
"22","BRA",2001,105642800,7375.642578125,779183533752.344
"23","BRA",2002,108708480,7983.52587890625,867876963336.562
"24","BRA",2003,111544528,8511.548828125,949416696582.156
"25","BRA",2004,115715864,9080.228515625,1050726488002.98
"26","BRA",2005,118502464,10930.775390625,1295323817219.62
"27","BRA",2006,121384488,11933.5625,1448549374078.5
"28","BRA",2007,124251984,11883.5478515625,1476554397515.58
"29","BRA",2008,127284368,13262.9892578125,1688171205471.45
"30","BRA",2009,129831984,14212.3896484375,1845222745437.7
"31","BRA",2011,134467440,17337.8984375,2331382817870.62
"32","BRA",2012,136715600,20176.564453125,2758451115147.66
"33","BRA",2013,139003552,21304.091796875,2961344431899.69
"34","BRA",2014,141697952,23502.435546875,3330246984004.19
"35","BRA",2015,144233536,24020.51953125,3464564468549.25
"36","BRA",2016,142556768,25477.703125,3632019013563.5
"37","BRA",2017,144768032,26555.552734375,3844395108027.69
"38","BRA",2018,147077456,28659.369140625,4215147103768.03
"39","BRA",2019,149168608,29011.4296875,4327594582574.25
"40","BRA",2020,151226784,28455.677734375,4303260630309.94
"41","BRA",2021,153216432,29803.16796875,4566335058468.56
"42","CHL",2000,9634323,2741444.5,26411961799573.5
"43","CHL",2003,10232280,2764900.75,28291238646210
"44","CHL",2006,11055788,3345517,36987326702396
"45","CHL",2009,11701511,4064977.25,47566376005624.8
"46","CHL",2011,12162909,4769882,58015640706738
"47","CHL",2013,12603915,5688574,71698303167210
"48","CHL",2015,13030470,6539022,85206530000340
"49","CHL",2017,13570819,7093730.5,96267732650279.5
"50","CHL",2020,14556693,6788638,98820119254134
"51","COL",2002,23652684,5033884.5,119064879370998
"52","COL",2003,24098036,5786039,139432176119404
"53","COL",2004,24493828,6339648,155282247692544
"54","COL",2005,24911920,7004608.5,174498246583320
"55","COL",2008,26149042,9173224,239871019651408
"56","COL",2009,26653344,9717187,258995527823328
"57","COL",2010,26924484,10200383,274640048877372
"58","COL",2011,27478068,11123163,305643029289084
"59","COL",2012,27992268,11394080,318946140973440
"60","COL",2013,28533752,11662767,332782501211784
"61","COL",2014,29073078,12002387,348946333437186
"62","COL",2015,29609000,12942637,383218538933000
"63","COL",2016,30202294,13537490,408863253002060
"64","COL",2017,30852616,15819376,488069133087616
"65","COL",2018,31626540,16575940,524239629447600
"66","COL",2019,32536336,17665334,574765242576224
"67","COL",2020,33019756,16487542,544414613879752
"68","COL",2021,34064880,17388454,592335598895520
"69","CRI",2010,3012995,3578914.5,10783251493927.5
"70","CRI",2011,3094462,4074702.75,12609012821170.5
"71","CRI",2012,3191842,4353510.5,13895717661341
"72","CRI",2013,3258818,4711725.5,15354655870459
"73","CRI",2014,3337485,5000331,16688529707535
"74","CRI",2015,3345057,4929360,16488990173520
"75","CRI",2016,3406127,5061158.5,17238948618129.5
"76","CRI",2017,3474263,4764290,16552396468270
"77","CRI",2018,3547503,4735300,16798490955900
"78","CRI",2019,3613701,4844785.5,17507606206135.5
"79","CRI",2020,3687974,3950767.25,14570326898051.5
"80","DOM",2012,5904488,131738.6875,777849499479.5
"81","DOM",2013,5988005,150923.046875,903727959302.734
"82","DOM",2014,6252350,155059.5,969486264825
"83","DOM",2015,6365560,167695.03125,1067472783123.75
"84","DOM",2016,6371082,170722.484375,1087686947196.84
"85","DOM",2017,6463720,181298.515625,1171862841415.62
"86","DOM",2018,6573122,203590,1338221907980
"87","DOM",2019,6663431,215540.703125,1436240602964.92
"88","DOM",2020,6794430,181118.484375,1230596863792.03
"89","DOM",2021,6883502,191277.640625,1316660021797.47
"90","ECU",2001,7132366,1696.29077148438,12098566624.6489
"91","ECU",2003,7265145,2106.68432617188,15305367098.866
"92","ECU",2005,7681581,2543.65966796875,19539327775.9351
"93","ECU",2006,7801341,2718.74731445312,21209874892.8831
"94","ECU",2007,7925024,3039.64013671875,24089221034.8594
"95","ECU",2008,8188195,3101.68408203125,25397194092.0679
"96","ECU",2009,8543519,3074.26586914062,26265048864.0544
"97","ECU",2010,8798576,3428.890625,30169354759.75
"98","ECU",2011,9083474,3852.1064453125,34990508741.2285
"99","ECU",2012,9422215,3915.3203125,36890989778.2422
"100","ECU",2013,9618391,4174.54833984375,40152438181.0181
"101","ECU",2014,9571171,4393.77197265625,42053542885.3003
"102","ECU",2015,9850188,4569.93115234375,45014680997.6426
"103","ECU",2016,10077269,4383.22119140625,44170899032.3013
"104","ECU",2017,10286797,4511.76416015625,46411602027.4028
"105","ECU",2018,10531977,4541.12255859375,47826998341.2905
"106","ECU",2019,10680601,4358.17138671875,46547889671.1597
"107","ECU",2020,10881418,3872.64892578125,42139911728.6768
"108","ECU",2021,11013628,4033.08081054688,44418851741.3018
"109","MEX",2002,58655516,65294.3046875,3829871133306.53
"110","MEX",2004,60555728,79202.1796875,4796145650163.38
"111","MEX",2006,63901024,87949.171875,5620042142764.5
"112","MEX",2008,66264848,98806.4765625,6547396150829.62
"113","MEX",2010,69800608,68424.3984375,4776064612971.75
"114","MEX",2012,73599488,82392.5234375,6064047540028
"115","MEX",2014,75929744,89318.84375,6781956940313.5
"116","MEX",2016,78083184,113257.96875,8843542813372.5
"117","MEX",2018,81246304,127305.640625,10343112779133.5
"118","MEX",2020,85214176,129445.359375,11030579636164.5
"119","PER",2000,14620921,7266.990234375,106250090124.568
"120","PER",2001,14990941,7835.482421875,117461254692.865
"121","PER",2002,15438608,8865.8740234375,136876753625.234
"122","PER",2003,15757288,6066.46142578125,95590979826.9258
"123","PER",2004,16187327,8415.291015625,136221067470.084
"124","PER",2005,16565623,7964.69580078125,131940147945.425
"125","PER",2006,16873388,9058.60546875,152849364813.141
"126","PER",2007,17154508,10772.1923828125,184791660408.496
"127","PER",2008,17703800,11312.796875,200279493315.625
"128","PER",2009,18113116,12126.3291015625,219645605670.777
"129","PER",2010,18470570,12891.2939453125,238109547207.471
"130","PER",2011,18874198,13287.9404296875,250799218682.127
"131","PER",2012,19570026,14334.080078125,280518319814.988
"132","PER",2013,19982772,14723.294921875,294212245512.586
"133","PER",2014,20364464,14874.529296875,302911816383.156
"134","PER",2015,20516912,15673.1962890625,321565589021.422
"135","PER",2016,20745542,17115.03515625,355060680665.461
"136","PER",2017,21085208,18858.326171875,397631729865.828
"137","PER",2018,21426284,18416.408203125,394595192420.086
"138","PER",2019,21739932,17292.751953125,375943251553.805
"139","PER",2020,21816540,13192.662109375,287818240615.664
"140","PER",2021,22147056,15789.1494140625,349683176265.609
"141","SLV",2001,3526477,2198.81616210938,7754074622.90698
"142","SLV",2002,3605415,2256.46020507812,8135475470.29175
"143","SLV",2003,3635660,2226.38330078125,8094372711.31836
"144","SLV",2004,3756810,2268.01831054688,8520513869.24561
"145","SLV",2005,3799395,2304.12060546875,8754264307.81494
"146","SLV",2006,3874863,2428.26708984375,9409202300.55322
"147","SLV",2007,3254371,2666.3173828125,8677185967.4209
"148","SLV",2009,3528447,2684.04150390625,9470498192.3335
"149","SLV",2010,3581357,2607.57543945312,9338658553.11353
"150","SLV",2012,3729186,2690.88012695312,10034792497.1118
"151","SLV",2013,3807533,3220.994140625,12264041483.2363
"152","SLV",2014,3955582,2975.3994140625,11769436365.0762
"153","SLV",2015,4054747,2881.1982421875,11682529928.915
"154","SLV",2016,4146368,3056.92895507812,12675152397.6094
"155","SLV",2017,4231575,2843.17626953125,12031113622.7417
"156","SLV",2018,4365031,3079.11499023438,13440432384.9377
"157","SLV",2019,4474143,3316.44555664062,14838251672.1248
"158","SLV",2020,4306756,3417.7958984375,14719612992.3711
"159","SLV",2021,4326649,3252.10327148438,14070709367.4646
"160","URY",2000,1842014,81634.4609375,150371819929.328
"161","URY",2001,1851978,77548.1484375,143617464846.984
"162","URY",2002,1886748,75115.2890625,141723621408.094
"163","URY",2003,1906239,76875.625,146543314524.375
"164","URY",2004,1883160,85700.1796875,161387150380.312
"165","URY",2005,1937217,89658.5390625,173688046067.039
"166","URY",2007,2274986,121654.921875,276763244096.719
"167","URY",2008,2291000,146887.546875,336519369890.625
"168","URY",2009,2318720,154963.0625,359315952280
"169","URY",2010,2317102,173581.625,402206330450.75
"170","URY",2011,2370327,196087.0625,464790458594.438
"171","URY",2012,2385476,212423.109375,506730229259.438
"172","URY",2013,2406475,244514.28125,588417504971.094
"173","URY",2014,2434449,291253.21875,709041107132.719
"174","URY",2015,2464094,306336.0625,754840853589.875
"175","URY",2016,2483643,347696.28125,863553435052.594
"176","URY",2017,2495222,389795.96875,972627476736.312
"177","URY",2018,2514364,411924.84375,1035728997830.62
"178","URY",2019,2530708,435148.4375,1101233631968.75
"179","URY",2020,2549399,448623.875,1143721258301.12
"180","URY",2021,2558040,495614.90625,1267802754783.75
